Date,Coal - Generation (in MU),Oil & Gas - Generation (in MU),Nuclear - Generation (in MU),Hydro - Generation (in MU),Solar - Generation (in MU),Wind - Generation (in MU),Small-Hydro - Generation (in MU),Bio Power - Generation (in MU),Total
2015-04-01,70195.44,3246.28,3506.1,9421.19,512.31,1832.3,519.15,1688.88,90921.65
2015-05-01,75339.79,3242.43,3457.01,12854.8,560.91,2673.76,685.93,1222.24,100036.87
2015-06-01,69044.77,3796.41,3449.28,12509.46,515.11,3946.56,775.37,853.03,94889.99
2015-07-01,70322.24,3662.57,3022.21,15094.48,455.52,6591.88,1069.77,742.6,100961.27
2015-08-01,69569.23,3854.07,2834.19,17779.11,510.73,5113.45,1166.68,726.06,101553.52
2015-09-01,75185.34,4372.24,2806.7,12299.09,600.51,3221.01,943.72,707.68,100136.29
2015-10-01,81921.11,4156.93,2876.22,9025.41,726.49,2023.15,747.36,844.47,102321.14
2015-11-01,71886.66,4038.93,2868.49,6821.86,578.11,1530.58,604.45,1416.99,89746.07
2015-12-01,75932.58,4263.18,2950.27,6339.87,651.61,1498.03,528.58,2287.2,94451.32
2016-01-01,78841.02,3946.32,3056.56,6159.08,535.11,1056.32,449.36,2325.4,96369.17
2016-02-01,75897.22,3943.46,2998.87,6087.2,743.56,1649.17,372.61,2217.97,93910.06
2016-03-01,81204.66,4599.28,3587.72,6985.17,954.35,1893.26,496.8,1911.34,101632.58
2016-04-01,83842.04,4173.18,3285.31,7812.97,1027.64,2231.34,526.52,1303.38,104202.38
2016-05-01,81579.36,4321.59,2948.61,10722.43,1025.41,4132.08,657.7,1025.84,106413.02
2016-06-01,77465.5,4069.68,2866.87,12295.89,911.02,5854.24,644.99,696.03,104804.22
2016-07-01,71160.54,4027.92,3258.16,15082.8,851.91,6977.52,1118.24,599.29,103076.38
2016-08-01,68474.63,4439.72,3549.8,17667.61,929.36,6818.77,1286.59,598.56,103765.04
2016-09-01,75276.5,4583.88,3095.57,14084.48,1017.0,5595.97,1002.13,716.49,105372.02
2016-10-01,80737.85,4231.62,3154.86,10687.49,1211.11,3607.68,687.94,788.52,105107.07
2016-11-01,79227.29,3986.37,3235.18,6667.41,1200.89,1863.98,696.77,1528.8,98406.69
2016-12-01,81989.04,3888.68,2860.05,6257.72,1157.95,1779.9,339.19,2159.64,100432.17
2017-01-01,82448.2,3563.09,3042.82,6450.46,1183.56,2308.46,301.53,1991.17,101289.29
2017-02-01,75946.92,3640.63,2856.03,6735.85,1352.43,2485.97,414.99,1534.92,94967.74
2017-03-01,86077.38,4167.59,3778.55,7912.66,1670.99,2355.65,482.79,1439.53,107885.14
2017-04-01,85629.99,3862.63,3205.1,10185.0,1748.45,3590.03,561.57,1011.91,109794.68
2017-05-01,87412.34,4287.91,2807.94,12417.88,1927.44,4982.91,602.19,752.19,115190.8
2017-06-01,76038.18,4218.02,3046.29,13666.89,1794.04,7229.11,587.43,634.21,107214.17
2017-07-01,74318.24,4235.67,3042.2,15454.47,1655.58,9858.31,885.39,562.29,110012.15
2017-08-01,79748.59,4018.16,2287.74,15558.62,1660.44,7512.16,1070.07,634.65,112490.43
2017-09-01,80140.52,4652.55,2671.45,14101.47,1989.77,3897.07,1021.36,631.77,109105.96
2017-10-01,82742.08,5146.33,3123.13,11182.65,2163.67,2873.55,845.97,692.82,108770.2
2017-11-01,79798.78,4452.27,3609.75,7364.18,2107.6,2435.92,546.54,1805.1,102120.14
2017-12-01,82008.28,4011.19,3959.36,6898.45,2221.45,3099.87,472.66,2334.87,105006.13
2018-01-01,86649.5,3854.21,4050.81,6619.51,2541.67,2007.52,383.42,2450.59,108557.23
2018-02-01,79441.05,3413.26,3378.33,5681.64,2656.06,2272.88,339.12,2219.69,99402.03
2018-03-01,91560.84,4055.54,3164.02,6999.67,3305.21,2906.78,376.86,2097.75,114466.67
2018-04-01,88253.72,4679.57,3306.44,7556.81,3172.62,3322.76,384.14,1558.01,112234.07
2018-05-01,92062.6,4796.53,3187.09,10679.36,3314.67,4441.09,472.03,1020.63,119974.0
2018-06-01,82620.49,4030.81,3504.52,13339.15,3006.75,8336.94,761.27,716.06,116315.99
2018-07-01,78218.92,4029.69,3600.96,15778.86,2549.2,11365.27,1193.59,575.3,117311.79
2018-08-01,79685.89,3699.72,2751.56,18601.88,2632.08,11771.65,1530.91,436.46,121110.15
2018-09-01,83395.05,4193.12,2651.74,17426.11,3205.37,6093.35,1001.3,440.7,118406.74
2018-10-01,91934.98,5600.02,3153.74,12410.09,3446.37,2822.77,872.37,667.46,120907.8
2018-11-01,84322.98,3904.04,3229.28,8147.25,3135.46,2181.02,678.17,1795.83,107394.03
2018-12-01,85913.3,4000.83,3072.22,7779.76,3072.44,2789.25,516.71,2595.23,109739.74
2019-01-01,86342.55,3971.55,3120.11,7366.66,3386.93,2851.89,428.58,2617.92,110086.19
2019-02-01,78172.06,3194.95,2878.99,7120.2,3583.66,3094.48,390.64,2227.37,100662.35
2019-03-01,91272.44,3732.91,3355.95,8687.37,4301.07,2965.95,473.06,2100.87,116889.62
2019-04-01,90418.28,4206.71,3287.32,11072.61,4168.67,3707.29,518.15,1475.07,118854.1
2019-05-01,94368.07,4451.92,3782.3,14081.23,4328.18,6603.94,592.36,891.18,129099.18
2019-06-01,89879.62,4328.38,4052.02,14343.9,3918.13,8781.15,665.55,554.27,126523.02
2019-07-01,83172.97,4159.71,4382.27,15777.34,3428.08,11343.6,858.78,535.6,123658.35
2019-08-01,76794.86,3947.63,4302.32,19928.38,3575.74,9704.01,1120.48,510.51,119883.93
2019-09-01,74565.92,4377.15,4220.23,20790.74,3565.14,5477.94,1290.35,460.46,114747.93
2019-10-01,74827.29,4250.39,4312.43,14636.31,3882.41,2111.49,1110.14,528.25,105658.71
2019-11-01,75688.43,3807.33,3792.35,10020.92,3936.84,2723.82,835.55,1097.73,101902.97
2019-12-01,82721.39,3551.76,3676.59,8926.26,3928.43,3948.75,701.69,2125.89,109580.76
2020-01-01,87368.85,3392.71,3437.39,8665.07,4612.73,3319.96,562.16,2204.11,113562.98
2020-02-01,85613.29,3667.27,3172.9,8435.86,5090.68,3518.88,562.16,2080.78,112141.82
2020-03-01,78460.11,4301.69,4054.31,9089.9,5633.32,3405.61,639.67,1639.08,107223.69
2020-04-01,61916.56,4858.01,3860.07,10121.42,5353.45,3473.88,693.59,1191.1,91468.08
2020-05-01,72644.78,5227.27,3797.54,14026.13,5618.31,6237.9,767.2,956.93,109276.06
2020-06-01,73028.34,5081.06,3764.73,17015.82,4703.24,7895.8,817.38,599.62,112905.99
2020-07-01,80544.64,4860.63,3358.52,17922.37,4639.49,6966.95,1079.69,582.71,119955.0
2020-08-01,74655.21,4335.48,3590.73,18949.94,4264.76,9645.51,1274.72,576.22,117292.57
2020-09-01,81553.38,4393.48,3881.96,18890.42,4550.72,4852.13,1377.01,590.84,120089.94
2020-10-01,84856.58,4760.75,3969.13,13143.24,4876.02,3989.93,1200.53,717.67,117513.85
2020-11-01,78673.89,3799.87,3830.99,8416.67,4592.33,3305.21,856.69,1900.05,105375.7
2020-12-01,87844.09,3492.53,3894.84,8158.92,4748.54,3815.72,698.31,2474.98,115127.93
2021-01-01,94115.83,3016.2,3214.5,7963.44,4865.42,3562.31,574.18,2344.64,119656.52
2021-02-01,88124.12,3130.36,2704.82,7316.26,5435.81,2872.83,465.18,2276.62,112326.0
2021-03-01,103072.7,3988.37,3161.24,8374.89,6754.25,3531.87,450.54,2030.75,131364.61
2021-04-01,99918.89,3727.03,3363.72,8265.58,6122.2,3734.39,440.02,1352.32,126924.15
2021-05-01,83998.77,3453.0,4000.16,11752.08,5994.67,7083.52,554.69,882.77,117719.66
2021-06-01,81969.24,3424.5,3892.12,16008.29,6006.23,9725.45,725.56,633.06,122384.45
2021-07-01,89013.65,3374.39,3613.17,18745.28,5170.06,11421.28,1222.08,1155.39,133715.3
2021-08-01,92466.54,3735.19,3139.89,20269.89,5449.51,9348.92,1476.12,631.53,136517.59
2021-09-01,81968.78,3321.13,3896.95,17765.28,5409.09,6981.27,1525.12,573.39,121441.01
2021-10-01,86461.29,3629.3,4417.41,15534.61,6225.91,2977.92,1275.24,770.24,121291.92
2021-11-01,80367.16,2305.75,4062.63,9705.74,5014.78,3277.51,879.1,1986.93,107599.6
2021-12-01,90986.23,2274.68,4451.32,8066.17,5858.04,3577.02,630.05,2689.34,118532.85
2022-01-01,94054.29,2191.34,4056.7,7497.0,6611.1,3398.22,528.88,2611.42,120948.95
2022-02-01,90799.97,2097.97,3811.39,7433.41,7276.19,3107.75,567.61,2379.19,117473.48
2022-03-01,105870.47,2481.49,4406.57,10583.8,8338.24,4006.84,639.08,2658.95,138985.44
2022-04-01,108888.18,2660.45,3521.19,11540.96,8323.9,4126.24,682.41,1974.28,141717.61
2022-05-01,105933.43,2451.1,3524.72,12880.91,8827.56,10174.27,644.69,1236.48,145673.16
2022-06-01,103199.97,2389.39,3867.38,13946.11,8259.94,9708.52,698.89,829.66,142899.86
2022-07-01,92313.38,2002.31,4016.93,19465.11,6965.88,10266.44,1240.82,667.4,136938.27
2022-08-01,91225.18,1967.39,3586.77,23404.11,7428.25,8694.96,1520.99,610.51,138438.16
2022-09-01,91508.16,1758.94,3412.52,22016.56,8207.73,6654.49,1539.56,541.51,135639.47
2022-10-01,86536.92,1590.28,4219.26,16178.67,8726.85,3421.81,1297.68,792.27,122763.74
2022-11-01,92648.58,1758.85,3869.67,9838.32,7976.88,2489.5,1009.26,1917.73,121508.79
2022-12-01,101077.97,1806.34,3901.58,8559.81,8207.51,3996.15,758.44,2633.32,130941.12
2023-01-01,104444.77,1883.95,4118.92,8034.28,9290.04,5013.75,638.21,2793.4,136217.32
2023-02-01,97553.31,1753.56,3774.36,8358.46,9555.41,3126.99,560.79,2356.16,127039.04
2023-03-01,106423.4,1862.48,4047.79,7773.55,10244.33,4141.08,578.31,2200.98,137271.92
2023-04-01,109058.77,2438.18,3512.45,8728.97,10318.71,4249.19,586.22,1521.05,140413.54
2023-05-01,108610.11,2829.79,3495.91,11458.67,10776.14,8117.62,727.33,1092.33,147107.9
2023-06-01,106116.24,3029.3,3209.74,14334.25,9607.6,11557.78,735.29,701.95,149292.15
2023-07-01,100870.32,2238.58,3954.53,17924.48,8435.4,12449.42,1249.05,614.66,147736.44
2023-08-01,106371.54,3620.76,4370.12,21959.8,9325.8,12316.2,1238.79,614.26,159817.27
2023-09-01,105819.98,2957.84,4525.77,16322.75,9220.78,8850.83,1222.14,616.25,149536.34
2023-10-01,113958.88,3227.73,4493.54,11240.45,10219.76,3548.34,965.6,678.31,148332.61
2023-11-01,101951.9,1647.79,4424.49,6621.29,7820.96,3544.28,774.58,1945.96,128731.25
2023-12-01,103507.6,1913.56,4276.81,6167.11,8594.53,5113.0,592.32,2468.24,132633.17
2024-01-01,114877.66,2543.19,4152.32,6352.28,9008.47,4075.12,482.9,2496.92,143988.86
2024-02-01,106874.8,2325.01,3501.79,5928.16,10421.23,4907.57,442.67,2227.16,136628.39
2024-03-01,116162.17,2524.2,4019.94,7015.71,12225.86,4578.06,468.22,2012.29,149006.45
2024-04-01,119883.49,3720.34,4443.61,8109.14,12021.04,4729.27,593.84,1291.22,154791.95
2024-05-01,122574.21,5163.85,4447.05,12595.42,12645.99,8257.63,734.16,863.78,167282.09
2024-06-01,116170.84,4612.32,4217.61,14173.69,11445.66,10134.92,776.37,695.33,162226.74
2024-07-01,108650.16,2663.57,4799.84,17562.91,10356.34,13627.0,1323.02,661.59,159644.43
2024-08-01,101571.5,2518.73,5492.07,21565.9,10157.54,10268.88,1600.37,678.49,153853.48
2024-09-01,99548.04,2493.84,4926.44,20574.25,11302.62,8870.62,1612.83,609.98,149938.62
2024-10-01,111625.24,2330.48,4768.92,14455.88,12256.61,3238.28,1457.59,749.89,150882.89
2024-11-01,102728.89,1433.56,4809.77,8630.89,11246.52,3109.33,860.92,1538.49,134358.37
2024-12-01,106536.42,1599.6,5124.7,7753.43,10707.21,5747.49,807.35,2511.43,140787.63
2025-01-01,112510.53,1598.88,4778.41,7388.05,12285.75,5637.7,624.57,2636.71,147460.6
2025-02-01,108662.94,1659.05,4153.34,6970.88,12913.59,4592.48,561.87,2125.75,141639.9
2025-03-01,120750.65,1785.82,4719.07,8763.28,16811.38,5133.63,615.16,1581.1,160160.09
2025-04-01,115835.15,3195.53,4951.45,9618.15,15811.82,6330.71,687.48,1016.06,157446.35
2025-05-01,111274.42,2782.33,5137.08,13264.6,14305.32,10667.42,780.91,851.05,159063.13
2025-06-01,105966.91,2809.12,4498.01,16775.5,12927.48,14879.54,1170.79,683.13,159710.48
2025-07-01,103811.19,2545.81,4536.36,21673.9,12100.63,17572.87,1584.52,1569.76,165395.04
2025-08-01,102453.72,2054.73,4105.67,23515.94,12634.93,12893.73,1659.9,670.56,159989.18
2025-09-01,99520.45,2440.19,4045.28,22317.41,13556.18,10399.6,1494.29,614.39,154387.79
2025-10-01,96167.54,1454.48,4808.57,16437.39,13063.15,6406.48,1251.09,767.78,140356.48
2025-11-01,96119.81,1700.54,3860.28,9816.95,13185.97,4483.33,920.6,2010.11,132097.59
2025-12-01,111373.68,1978.63,4221.94,8767.19,14946.83,5009.05,727.82,2647.69,149672.83
