State,District,Year,January,February,March,April,May,June,July,August,September,October,November,December
Tamil Nadu,Ariyalur,2015,137.0,163.0,201.0,166.0,151.0,167.0,162.0,168.0,159.0,139.0,85.0,110.0
Tamil Nadu,Ariyalur,2016,160.0,174.0,206.0,192.0,164.0,150.0,147.0,175.0,151.0,160.0,135.0,147.0
Tamil Nadu,Ariyalur,2017,147.0,171.0,186.0,196.0,174.0,173.0,151.0,152.0,155.0,141.0,110.0,148.0
Tamil Nadu,Ariyalur,2018,159.0,163.0,187.0,170.0,162.0,164.0,138.0,164.0,162.0,127.0,121.0,147.0
Tamil Nadu,Ariyalur,2019,136.0,163.0,175.0,178.0,180.0,173.0,108.0,137.0,148.0,126.0,139.0,137.0
Tamil Nadu,Ariyalur,2020,156.0,171.0,200.0,168.0,168.0,158.0,134.0,166.0,140.0,154.0,107.0,125.0
Tamil Nadu,Ariyalur,2021,136.0,160.0,204.0,165.0,134.0,151.0,125.0,110.0,129.0,114.0,78.0,153.0
Tamil Nadu,Ariyalur,2022,151.0,153.0,187.0,167.0,141.0,158.0,114.0,133.0,139.0,101.0,106.0,126.0
Tamil Nadu,Ariyalur,2023,149.0,154.0,195.0,163.0,144.0,157.0,104.0,159.0,143.0,148.0,100.0,129.0
Tamil Nadu,Ariyalur,2024,138.0,181.0,196.0,172.0,119.0,136.0,112.0,148.0,145.0,116.0,90.0,96.0
Tamil Nadu,Chennai,2015,146.0,152.0,196.0,174.0,154.0,160.0,168.0,154.0,142.0,140.0,89.0,122.0
Tamil Nadu,Chennai,2016,151.0,164.0,196.0,193.0,176.0,148.0,154.0,169.0,153.0,165.0,145.0,131.0
Tamil Nadu,Chennai,2017,147.0,158.0,197.0,194.0,186.0,150.0,151.0,155.0,154.0,148.0,117.0,142.0
Tamil Nadu,Chennai,2018,150.0,153.0,187.0,193.0,177.0,160.0,148.0,165.0,174.0,150.0,130.0,125.0
Tamil Nadu,Chennai,2019,127.0,152.0,166.0,178.0,182.0,169.0,113.0,150.0,141.0,134.0,142.0,124.0
Tamil Nadu,Chennai,2020,147.0,158.0,193.0,173.0,179.0,156.0,137.0,139.0,136.0,145.0,116.0,128.0
Tamil Nadu,Chennai,2021,140.0,149.0,195.0,182.0,155.0,144.0,123.0,121.0,121.0,136.0,78.0,140.0
Tamil Nadu,Chennai,2022,145.0,162.0,181.0,188.0,152.0,153.0,125.0,139.0,138.0,122.0,103.0,119.0
Tamil Nadu,Chennai,2023,150.0,152.0,183.0,181.0,145.0,140.0,109.0,160.0,142.0,169.0,100.0,125.0
Tamil Nadu,Chennai,2024,135.0,168.0,186.0,192.0,152.0,128.0,111.0,143.0,139.0,137.0,109.0,94.0
Tamil Nadu,Coimbatore,2015,156.0,175.0,197.0,157.0,160.0,146.0,160.0,163.0,171.0,156.0,96.0,131.0
Tamil Nadu,Coimbatore,2016,167.0,178.0,209.0,197.0,177.0,147.0,145.0,187.0,189.0,163.0,145.0,152.0
Tamil Nadu,Coimbatore,2017,157.0,174.0,192.0,202.0,187.0,157.0,161.0,152.0,176.0,152.0,131.0,159.0
Tamil Nadu,Coimbatore,2018,168.0,166.0,186.0,193.0,177.0,136.0,134.0,172.0,195.0,145.0,130.0,151.0
Tamil Nadu,Coimbatore,2019,141.0,166.0,176.0,180.0,196.0,169.0,109.0,135.0,164.0,140.0,147.0,139.0
Tamil Nadu,Coimbatore,2020,167.0,176.0,201.0,174.0,178.0,147.0,146.0,166.0,162.0,167.0,119.0,140.0
Tamil Nadu,Coimbatore,2021,143.0,167.0,208.0,160.0,147.0,148.0,116.0,112.0,152.0,109.0,84.0,163.0
Tamil Nadu,Coimbatore,2022,167.0,169.0,191.0,159.0,138.0,149.0,113.0,140.0,158.0,119.0,119.0,135.0
Tamil Nadu,Coimbatore,2023,156.0,165.0,190.0,173.0,163.0,148.0,115.0,175.0,135.0,157.0,117.0,128.0
Tamil Nadu,Coimbatore,2024,147.0,187.0,197.0,189.0,129.0,134.0,101.0,146.0,171.0,118.0,112.0,109.0
Tamil Nadu,Cuddalore,2015,147.0,161.0,204.0,174.0,153.0,173.0,167.0,171.0,154.0,140.0,87.0,120.0
Tamil Nadu,Cuddalore,2016,160.0,173.0,205.0,198.0,172.0,152.0,153.0,176.0,155.0,167.0,142.0,138.0
Tamil Nadu,Cuddalore,2017,152.0,167.0,195.0,201.0,184.0,166.0,159.0,164.0,159.0,144.0,119.0,140.0
Tamil Nadu,Cuddalore,2018,160.0,160.0,190.0,189.0,173.0,160.0,155.0,174.0,171.0,140.0,127.0,133.0
Tamil Nadu,Cuddalore,2019,133.0,158.0,173.0,184.0,188.0,172.0,113.0,151.0,153.0,136.0,145.0,129.0
Tamil Nadu,Cuddalore,2020,154.0,166.0,200.0,177.0,178.0,159.0,141.0,168.0,145.0,157.0,117.0,121.0
Tamil Nadu,Cuddalore,2021,140.0,157.0,205.0,183.0,158.0,158.0,132.0,118.0,142.0,123.0,80.0,146.0
Tamil Nadu,Cuddalore,2022,154.0,153.0,188.0,175.0,159.0,154.0,120.0,139.0,140.0,117.0,113.0,122.0
Tamil Nadu,Cuddalore,2023,156.0,150.0,199.0,181.0,151.0,149.0,106.0,171.0,144.0,164.0,104.0,129.0
Tamil Nadu,Cuddalore,2024,140.0,178.0,195.0,187.0,135.0,144.0,121.0,158.0,162.0,134.0,105.0,97.0
Tamil Nadu,Dharmapuri,2015,147.0,171.0,196.0,171.0,158.0,150.0,153.0,146.0,156.0,150.0,82.0,124.0
Tamil Nadu,Dharmapuri,2016,163.0,177.0,207.0,193.0,175.0,140.0,140.0,178.0,154.0,170.0,145.0,137.0
Tamil Nadu,Dharmapuri,2017,156.0,169.0,187.0,192.0,180.0,153.0,147.0,148.0,155.0,151.0,128.0,152.0
Tamil Nadu,Dharmapuri,2018,167.0,167.0,191.0,189.0,171.0,140.0,122.0,163.0,165.0,148.0,128.0,142.0
Tamil Nadu,Dharmapuri,2019,142.0,162.0,174.0,175.0,185.0,166.0,105.0,131.0,142.0,137.0,144.0,131.0
Tamil Nadu,Dharmapuri,2020,162.0,170.0,197.0,171.0,178.0,146.0,139.0,145.0,136.0,160.0,118.0,136.0
Tamil Nadu,Dharmapuri,2021,143.0,162.0,203.0,158.0,152.0,130.0,110.0,115.0,130.0,111.0,77.0,151.0
Tamil Nadu,Dharmapuri,2022,162.0,165.0,183.0,175.0,142.0,146.0,109.0,135.0,136.0,112.0,106.0,126.0
Tamil Nadu,Dharmapuri,2023,158.0,161.0,185.0,160.0,154.0,139.0,96.0,160.0,134.0,161.0,116.0,127.0
Tamil Nadu,Dharmapuri,2024,143.0,175.0,195.0,185.0,121.0,137.0,93.0,126.0,145.0,122.0,112.0,94.0
Tamil Nadu,Dindigul,2015,151.0,162.0,185.0,159.0,152.0,154.0,157.0,162.0,151.0,139.0,87.0,98.0
Tamil Nadu,Dindigul,2016,166.0,175.0,203.0,181.0,161.0,143.0,143.0,169.0,166.0,158.0,127.0,138.0
Tamil Nadu,Dindigul,2017,150.0,167.0,179.0,190.0,176.0,154.0,144.0,152.0,166.0,150.0,110.0,145.0
Tamil Nadu,Dindigul,2018,163.0,165.0,179.0,167.0,155.0,149.0,135.0,163.0,174.0,130.0,112.0,133.0
Tamil Nadu,Dindigul,2019,137.0,162.0,172.0,168.0,178.0,163.0,103.0,130.0,152.0,130.0,134.0,123.0
Tamil Nadu,Dindigul,2020,157.0,168.0,197.0,165.0,159.0,148.0,133.0,164.0,140.0,156.0,100.0,117.0
Tamil Nadu,Dindigul,2021,131.0,160.0,198.0,156.0,129.0,141.0,108.0,101.0,135.0,106.0,76.0,145.0
Tamil Nadu,Dindigul,2022,158.0,155.0,186.0,161.0,127.0,141.0,117.0,130.0,151.0,109.0,104.0,118.0
Tamil Nadu,Dindigul,2023,152.0,153.0,177.0,161.0,146.0,144.0,107.0,176.0,122.0,139.0,99.0,118.0
Tamil Nadu,Dindigul,2024,143.0,182.0,192.0,173.0,116.0,126.0,112.0,140.0,145.0,108.0,91.0,99.0
Tamil Nadu,Erode,2015,155.0,177.0,203.0,179.0,165.0,167.0,175.0,167.0,175.0,157.0,93.0,123.0
Tamil Nadu,Erode,2016,166.0,178.0,209.0,199.0,179.0,146.0,150.0,181.0,174.0,173.0,142.0,143.0
Tamil Nadu,Erode,2017,160.0,174.0,193.0,197.0,189.0,166.0,162.0,162.0,175.0,152.0,124.0,154.0
Tamil Nadu,Erode,2018,167.0,170.0,191.0,193.0,183.0,153.0,135.0,172.0,186.0,147.0,127.0,143.0
Tamil Nadu,Erode,2019,143.0,169.0,176.0,182.0,192.0,173.0,116.0,143.0,162.0,143.0,145.0,134.0
Tamil Nadu,Erode,2020,164.0,175.0,202.0,175.0,181.0,160.0,147.0,166.0,157.0,167.0,113.0,134.0
Tamil Nadu,Erode,2021,144.0,166.0,207.0,171.0,155.0,146.0,122.0,110.0,147.0,121.0,82.0,151.0
Tamil Nadu,Erode,2022,166.0,167.0,189.0,173.0,140.0,153.0,114.0,139.0,153.0,119.0,108.0,129.0
Tamil Nadu,Erode,2023,159.0,162.0,197.0,181.0,165.0,148.0,112.0,162.0,137.0,163.0,118.0,122.0
Tamil Nadu,Erode,2024,145.0,186.0,197.0,188.0,140.0,146.0,104.0,142.0,171.0,123.0,107.0,99.0
Tamil Nadu,Kanchipuram,2015,133.0,154.0,193.0,172.0,153.0,155.0,163.0,158.0,148.0,142.0,88.0,121.0
Tamil Nadu,Kanchipuram,2016,151.0,166.0,197.0,193.0,171.0,147.0,147.0,173.0,159.0,168.0,141.0,128.0
Tamil Nadu,Kanchipuram,2017,143.0,161.0,194.0,194.0,188.0,149.0,141.0,153.0,153.0,145.0,120.0,140.0
Tamil Nadu,Kanchipuram,2018,153.0,152.0,187.0,190.0,176.0,156.0,140.0,160.0,171.0,145.0,122.0,128.0
Tamil Nadu,Kanchipuram,2019,128.0,154.0,168.0,176.0,185.0,164.0,113.0,146.0,140.0,130.0,140.0,120.0
Tamil Nadu,Kanchipuram,2020,146.0,158.0,194.0,170.0,179.0,153.0,132.0,139.0,135.0,151.0,115.0,125.0
Tamil Nadu,Kanchipuram,2021,138.0,150.0,197.0,168.0,145.0,143.0,117.0,118.0,124.0,131.0,77.0,141.0
Tamil Nadu,Kanchipuram,2022,144.0,158.0,175.0,185.0,148.0,156.0,118.0,136.0,135.0,115.0,99.0,118.0
Tamil Nadu,Kanchipuram,2023,143.0,151.0,188.0,174.0,145.0,135.0,105.0,162.0,144.0,167.0,102.0,121.0
Tamil Nadu,Kanchipuram,2024,137.0,172.0,191.0,191.0,136.0,125.0,107.0,143.0,140.0,138.0,112.0,89.0
Tamil Nadu,Kanniyakumari,2015,160.0,156.0,177.0,153.0,142.0,148.0,175.0,187.0,153.0,128.0,109.0,106.0
Tamil Nadu,Kanniyakumari,2016,172.0,180.0,207.0,186.0,152.0,135.0,162.0,181.0,190.0,184.0,129.0,158.0
Tamil Nadu,Kanniyakumari,2017,163.0,166.0,192.0,200.0,162.0,157.0,169.0,165.0,178.0,154.0,124.0,160.0
Tamil Nadu,Kanniyakumari,2018,171.0,171.0,189.0,184.0,145.0,150.0,149.0,172.0,179.0,131.0,137.0,147.0
Tamil Nadu,Kanniyakumari,2019,142.0,162.0,175.0,174.0,179.0,155.0,111.0,129.0,162.0,122.0,157.0,145.0
Tamil Nadu,Kanniyakumari,2020,170.0,173.0,194.0,173.0,150.0,157.0,155.0,171.0,148.0,170.0,128.0,144.0
Tamil Nadu,Kanniyakumari,2021,146.0,169.0,195.0,167.0,105.0,162.0,137.0,120.0,165.0,112.0,101.0,159.0
Tamil Nadu,Kanniyakumari,2022,170.0,156.0,199.0,152.0,134.0,150.0,122.0,130.0,173.0,133.0,118.0,128.0
Tamil Nadu,Kanniyakumari,2023,158.0,157.0,192.0,163.0,157.0,159.0,143.0,188.0,113.0,132.0,113.0,136.0
Tamil Nadu,Kanniyakumari,2024,144.0,180.0,190.0,166.0,105.0,123.0,120.0,164.0,162.0,123.0,109.0,109.0
Tamil Nadu,Karur,2015,156.0,174.0,201.0,176.0,162.0,165.0,175.0,169.0,172.0,150.0,88.0,114.0
Tamil Nadu,Karur,2016,168.0,180.0,211.0,195.0,179.0,153.0,158.0,184.0,180.0,174.0,140.0,145.0
Tamil Nadu,Karur,2017,155.0,174.0,195.0,197.0,187.0,173.0,163.0,168.0,177.0,152.0,117.0,147.0
Tamil Nadu,Karur,2018,165.0,171.0,189.0,184.0,178.0,162.0,144.0,179.0,187.0,143.0,118.0,140.0
Tamil Nadu,Karur,2019,142.0,169.0,177.0,180.0,188.0,179.0,121.0,150.0,168.0,140.0,141.0,131.0
Tamil Nadu,Karur,2020,163.0,176.0,202.0,176.0,176.0,159.0,148.0,170.0,160.0,168.0,108.0,126.0
Tamil Nadu,Karur,2021,139.0,167.0,207.0,158.0,147.0,149.0,125.0,114.0,155.0,123.0,75.0,147.0
Tamil Nadu,Karur,2022,165.0,161.0,190.0,168.0,142.0,158.0,123.0,145.0,154.0,111.0,108.0,126.0
Tamil Nadu,Karur,2023,159.0,157.0,189.0,169.0,153.0,156.0,115.0,167.0,136.0,159.0,108.0,121.0
Tamil Nadu,Karur,2024,142.0,188.0,199.0,178.0,137.0,140.0,109.0,150.0,170.0,121.0,99.0,98.0
Tamil Nadu,Krishnagiri,2015,141.0,170.0,189.0,175.0,160.0,155.0,154.0,150.0,148.0,151.0,85.0,127.0
Tamil Nadu,Krishnagiri,2016,158.0,174.0,202.0,197.0,170.0,141.0,138.0,178.0,147.0,170.0,146.0,133.0
Tamil Nadu,Krishnagiri,2017,155.0,167.0,190.0,189.0,185.0,152.0,145.0,146.0,154.0,150.0,129.0,151.0
Tamil Nadu,Krishnagiri,2018,168.0,165.0,194.0,195.0,178.0,141.0,120.0,170.0,172.0,151.0,134.0,143.0
Tamil Nadu,Krishnagiri,2019,141.0,163.0,174.0,179.0,187.0,167.0,105.0,134.0,141.0,138.0,147.0,134.0
Tamil Nadu,Krishnagiri,2020,161.0,170.0,198.0,172.0,181.0,150.0,138.0,145.0,135.0,153.0,120.0,136.0
Tamil Nadu,Krishnagiri,2021,144.0,162.0,200.0,169.0,152.0,139.0,112.0,123.0,129.0,119.0,80.0,151.0
Tamil Nadu,Krishnagiri,2022,163.0,168.0,182.0,183.0,140.0,157.0,109.0,130.0,137.0,118.0,110.0,126.0
Tamil Nadu,Krishnagiri,2023,155.0,161.0,184.0,173.0,159.0,143.0,102.0,158.0,129.0,164.0,120.0,129.0
Tamil Nadu,Krishnagiri,2024,144.0,177.0,192.0,187.0,128.0,132.0,86.0,134.0,146.0,124.0,120.0,96.0
Tamil Nadu,Madurai,2015,151.0,158.0,188.0,161.0,153.0,160.0,167.0,172.0,159.0,141.0,96.0,100.0
Tamil Nadu,Madurai,2016,166.0,176.0,201.0,181.0,161.0,144.0,154.0,178.0,177.0,166.0,123.0,143.0
Tamil Nadu,Madurai,2017,149.0,163.0,181.0,191.0,170.0,167.0,156.0,163.0,161.0,152.0,117.0,148.0
Tamil Nadu,Madurai,2018,165.0,165.0,180.0,173.0,147.0,159.0,145.0,173.0,173.0,127.0,118.0,139.0
Tamil Nadu,Madurai,2019,138.0,162.0,172.0,169.0,174.0,163.0,106.0,145.0,157.0,128.0,139.0,125.0
Tamil Nadu,Madurai,2020,159.0,169.0,195.0,168.0,158.0,158.0,142.0,170.0,147.0,158.0,103.0,121.0
Tamil Nadu,Madurai,2021,135.0,158.0,202.0,168.0,125.0,150.0,119.0,106.0,140.0,105.0,79.0,153.0
Tamil Nadu,Madurai,2022,160.0,155.0,189.0,155.0,138.0,149.0,114.0,131.0,158.0,108.0,105.0,120.0
Tamil Nadu,Madurai,2023,148.0,153.0,183.0,158.0,147.0,152.0,120.0,182.0,121.0,142.0,106.0,124.0
Tamil Nadu,Madurai,2024,141.0,179.0,187.0,169.0,123.0,136.0,116.0,155.0,156.0,110.0,90.0,96.0
Tamil Nadu,Nagapattinam,2015,154.0,165.0,210.0,172.0,155.0,170.0,175.0,182.0,164.0,148.0,100.0,120.0
Tamil Nadu,Nagapattinam,2016,166.0,178.0,211.0,202.0,164.0,156.0,158.0,184.0,165.0,166.0,134.0,152.0
Tamil Nadu,Nagapattinam,2017,155.0,169.0,189.0,207.0,172.0,177.0,162.0,169.0,166.0,147.0,117.0,155.0
Tamil Nadu,Nagapattinam,2018,162.0,168.0,191.0,191.0,160.0,173.0,157.0,184.0,177.0,132.0,128.0,149.0
Tamil Nadu,Nagapattinam,2019,136.0,161.0,177.0,177.0,187.0,177.0,115.0,156.0,158.0,139.0,150.0,142.0
Tamil Nadu,Nagapattinam,2020,162.0,173.0,205.0,181.0,169.0,162.0,146.0,180.0,150.0,166.0,116.0,132.0
Tamil Nadu,Nagapattinam,2021,146.0,160.0,207.0,167.0,142.0,150.0,133.0,116.0,150.0,125.0,80.0,159.0
Tamil Nadu,Nagapattinam,2022,158.0,148.0,193.0,174.0,158.0,155.0,124.0,142.0,157.0,109.0,117.0,127.0
Tamil Nadu,Nagapattinam,2023,155.0,157.0,198.0,172.0,149.0,162.0,118.0,178.0,157.0,161.0,101.0,136.0
Tamil Nadu,Nagapattinam,2024,140.0,184.0,199.0,189.0,128.0,142.0,127.0,163.0,177.0,130.0,100.0,104.0
Tamil Nadu,Namakkal,2015,149.0,169.0,187.0,166.0,163.0,171.0,171.0,169.0,171.0,150.0,84.0,113.0
Tamil Nadu,Namakkal,2016,163.0,177.0,210.0,193.0,171.0,151.0,150.0,184.0,173.0,168.0,135.0,140.0
Tamil Nadu,Namakkal,2017,156.0,174.0,191.0,194.0,183.0,169.0,156.0,158.0,175.0,152.0,121.0,148.0
Tamil Nadu,Namakkal,2018,164.0,169.0,192.0,173.0,172.0,156.0,138.0,169.0,180.0,139.0,122.0,139.0
Tamil Nadu,Namakkal,2019,141.0,169.0,177.0,180.0,188.0,173.0,115.0,147.0,163.0,138.0,141.0,132.0
Tamil Nadu,Namakkal,2020,159.0,172.0,202.0,172.0,175.0,157.0,147.0,164.0,157.0,161.0,108.0,126.0
Tamil Nadu,Namakkal,2021,139.0,157.0,207.0,149.0,148.0,144.0,123.0,107.0,148.0,118.0,78.0,146.0
Tamil Nadu,Namakkal,2022,159.0,156.0,190.0,167.0,144.0,153.0,116.0,138.0,147.0,109.0,104.0,122.0
Tamil Nadu,Namakkal,2023,155.0,158.0,195.0,168.0,151.0,150.0,112.0,159.0,129.0,161.0,113.0,125.0
Tamil Nadu,Namakkal,2024,140.0,186.0,203.0,182.0,130.0,146.0,107.0,142.0,165.0,120.0,100.0,99.0
Tamil Nadu,Perambalur,2015,139.0,164.0,199.0,170.0,152.0,167.0,161.0,165.0,159.0,142.0,83.0,108.0
Tamil Nadu,Perambalur,2016,162.0,175.0,205.0,194.0,162.0,151.0,142.0,170.0,150.0,154.0,135.0,144.0
Tamil Nadu,Perambalur,2017,149.0,170.0,183.0,195.0,175.0,173.0,148.0,154.0,159.0,138.0,109.0,146.0
Tamil Nadu,Perambalur,2018,159.0,164.0,188.0,168.0,163.0,163.0,129.0,159.0,156.0,128.0,122.0,144.0
Tamil Nadu,Perambalur,2019,136.0,165.0,175.0,176.0,179.0,167.0,105.0,134.0,144.0,128.0,140.0,133.0
Tamil Nadu,Perambalur,2020,154.0,169.0,200.0,169.0,169.0,157.0,133.0,163.0,137.0,155.0,107.0,128.0
Tamil Nadu,Perambalur,2021,133.0,161.0,205.0,164.0,134.0,146.0,121.0,108.0,130.0,109.0,78.0,149.0
Tamil Nadu,Perambalur,2022,155.0,154.0,187.0,168.0,136.0,156.0,115.0,130.0,139.0,103.0,108.0,123.0
Tamil Nadu,Perambalur,2023,150.0,156.0,192.0,163.0,147.0,155.0,100.0,154.0,137.0,148.0,108.0,129.0
Tamil Nadu,Perambalur,2024,134.0,182.0,194.0,173.0,124.0,138.0,104.0,144.0,146.0,107.0,91.0,90.0
Tamil Nadu,Pudukkottai,2015,145.0,160.0,197.0,170.0,156.0,171.0,174.0,175.0,158.0,145.0,94.0,103.0
Tamil Nadu,Pudukkottai,2016,166.0,172.0,206.0,193.0,165.0,160.0,156.0,179.0,178.0,172.0,128.0,151.0
Tamil Nadu,Pudukkottai,2017,148.0,169.0,183.0,202.0,173.0,179.0,159.0,170.0,171.0,155.0,112.0,152.0
Tamil Nadu,Pudukkottai,2018,163.0,165.0,187.0,174.0,155.0,172.0,152.0,173.0,176.0,128.0,122.0,142.0
Tamil Nadu,Pudukkottai,2019,134.0,163.0,175.0,176.0,183.0,173.0,122.0,143.0,158.0,129.0,142.0,132.0
Tamil Nadu,Pudukkottai,2020,160.0,172.0,202.0,173.0,164.0,166.0,143.0,171.0,147.0,164.0,108.0,125.0
Tamil Nadu,Pudukkottai,2021,132.0,161.0,202.0,166.0,121.0,154.0,122.0,110.0,150.0,120.0,80.0,153.0
Tamil Nadu,Pudukkottai,2022,158.0,149.0,186.0,165.0,145.0,158.0,118.0,134.0,158.0,112.0,106.0,125.0
Tamil Nadu,Pudukkottai,2023,147.0,153.0,190.0,160.0,148.0,163.0,118.0,177.0,142.0,148.0,103.0,131.0
Tamil Nadu,Pudukkottai,2024,136.0,181.0,191.0,173.0,117.0,145.0,121.0,155.0,159.0,118.0,89.0,100.0
Tamil Nadu,Ramanathapuram,2015,165.0,160.0,201.0,176.0,163.0,171.0,188.0,185.0,174.0,152.0,110.0,118.0
Tamil Nadu,Ramanathapuram,2016,174.0,180.0,212.0,200.0,166.0,161.0,168.0,184.0,186.0,169.0,125.0,151.0
Tamil Nadu,Ramanathapuram,2017,157.0,170.0,191.0,207.0,176.0,181.0,172.0,159.0,177.0,154.0,124.0,158.0
Tamil Nadu,Ramanathapuram,2018,168.0,172.0,188.0,192.0,151.0,175.0,165.0,175.0,182.0,130.0,131.0,148.0
Tamil Nadu,Ramanathapuram,2019,141.0,166.0,177.0,177.0,184.0,183.0,131.0,158.0,151.0,133.0,146.0,134.0
Tamil Nadu,Ramanathapuram,2020,163.0,175.0,202.0,182.0,166.0,174.0,155.0,176.0,154.0,160.0,113.0,129.0
Tamil Nadu,Ramanathapuram,2021,141.0,169.0,205.0,171.0,129.0,162.0,135.0,110.0,149.0,118.0,92.0,157.0
Tamil Nadu,Ramanathapuram,2022,163.0,156.0,194.0,157.0,161.0,159.0,128.0,131.0,170.0,115.0,119.0,125.0
Tamil Nadu,Ramanathapuram,2023,149.0,158.0,191.0,171.0,148.0,166.0,140.0,176.0,144.0,137.0,110.0,126.0
Tamil Nadu,Ramanathapuram,2024,147.0,184.0,195.0,180.0,124.0,147.0,132.0,158.0,167.0,109.0,93.0,107.0
Tamil Nadu,Salem,2015,138.0,165.0,181.0,159.0,153.0,153.0,163.0,154.0,156.0,141.0,78.0,111.0
Tamil Nadu,Salem,2016,163.0,177.0,207.0,192.0,175.0,142.0,144.0,178.0,152.0,168.0,139.0,137.0
Tamil Nadu,Salem,2017,157.0,171.0,192.0,192.0,181.0,164.0,151.0,153.0,163.0,147.0,123.0,148.0
Tamil Nadu,Salem,2018,166.0,168.0,192.0,188.0,170.0,148.0,132.0,169.0,170.0,145.0,123.0,142.0
Tamil Nadu,Salem,2019,142.0,166.0,174.0,175.0,185.0,169.0,111.0,141.0,154.0,136.0,143.0,131.0
Tamil Nadu,Salem,2020,161.0,172.0,201.0,168.0,178.0,151.0,139.0,157.0,142.0,160.0,114.0,131.0
Tamil Nadu,Salem,2021,139.0,163.0,205.0,155.0,150.0,142.0,118.0,108.0,138.0,118.0,79.0,146.0
Tamil Nadu,Salem,2022,158.0,164.0,182.0,170.0,140.0,149.0,106.0,133.0,139.0,106.0,99.0,120.0
Tamil Nadu,Salem,2023,156.0,158.0,189.0,164.0,148.0,139.0,105.0,155.0,134.0,155.0,110.0,125.0
Tamil Nadu,Salem,2024,140.0,181.0,192.0,183.0,118.0,136.0,101.0,134.0,157.0,120.0,100.0,98.0
Tamil Nadu,Sivaganga,2015,146.0,158.0,192.0,167.0,158.0,165.0,174.0,176.0,161.0,142.0,101.0,99.0
Tamil Nadu,Sivaganga,2016,169.0,177.0,200.0,183.0,160.0,152.0,154.0,183.0,181.0,171.0,126.0,141.0
Tamil Nadu,Sivaganga,2017,148.0,165.0,182.0,197.0,168.0,179.0,163.0,167.0,166.0,155.0,119.0,151.0
Tamil Nadu,Sivaganga,2018,165.0,165.0,180.0,175.0,146.0,166.0,152.0,176.0,171.0,125.0,121.0,138.0
Tamil Nadu,Sivaganga,2019,138.0,159.0,174.0,169.0,173.0,167.0,115.0,152.0,155.0,126.0,141.0,128.0
Tamil Nadu,Sivaganga,2020,159.0,168.0,197.0,171.0,159.0,164.0,144.0,173.0,149.0,164.0,108.0,122.0
Tamil Nadu,Sivaganga,2021,137.0,162.0,203.0,162.0,125.0,149.0,123.0,100.0,142.0,108.0,82.0,156.0
Tamil Nadu,Sivaganga,2022,158.0,154.0,187.0,153.0,147.0,150.0,121.0,132.0,161.0,112.0,109.0,123.0
Tamil Nadu,Sivaganga,2023,145.0,154.0,183.0,154.0,143.0,156.0,128.0,180.0,127.0,139.0,107.0,125.0
Tamil Nadu,Sivaganga,2024,141.0,178.0,185.0,165.0,118.0,139.0,122.0,155.0,157.0,107.0,88.0,98.0
Tamil Nadu,Thanjavur,2015,139.0,163.0,203.0,169.0,153.0,171.0,168.0,175.0,153.0,145.0,90.0,113.0
Tamil Nadu,Thanjavur,2016,163.0,175.0,206.0,194.0,166.0,160.0,150.0,185.0,155.0,170.0,132.0,153.0
Tamil Nadu,Thanjavur,2017,151.0,171.0,183.0,200.0,170.0,173.0,158.0,168.0,165.0,146.0,109.0,152.0
Tamil Nadu,Thanjavur,2018,160.0,164.0,186.0,176.0,157.0,165.0,144.0,180.0,174.0,126.0,119.0,148.0
Tamil Nadu,Thanjavur,2019,134.0,162.0,176.0,177.0,181.0,178.0,113.0,144.0,155.0,130.0,141.0,133.0
Tamil Nadu,Thanjavur,2020,159.0,171.0,202.0,177.0,167.0,165.0,137.0,171.0,143.0,156.0,109.0,127.0
Tamil Nadu,Thanjavur,2021,136.0,161.0,207.0,167.0,127.0,150.0,122.0,114.0,139.0,115.0,79.0,152.0
Tamil Nadu,Thanjavur,2022,152.0,148.0,184.0,167.0,145.0,162.0,115.0,139.0,155.0,104.0,109.0,125.0
Tamil Nadu,Thanjavur,2023,149.0,154.0,193.0,162.0,145.0,162.0,110.0,174.0,141.0,154.0,99.0,135.0
Tamil Nadu,Thanjavur,2024,139.0,184.0,196.0,177.0,125.0,136.0,118.0,153.0,165.0,125.0,88.0,99.0
Tamil Nadu,The Nilgiris,2015,159.0,173.0,189.0,139.0,147.0,136.0,154.0,151.0,148.0,129.0,89.0,134.0
Tamil Nadu,The Nilgiris,2016,167.0,174.0,198.0,175.0,142.0,125.0,125.0,162.0,165.0,149.0,146.0,148.0
Tamil Nadu,The Nilgiris,2017,153.0,169.0,164.0,181.0,162.0,142.0,146.0,125.0,160.0,143.0,129.0,161.0
Tamil Nadu,The Nilgiris,2018,165.0,161.0,175.0,175.0,159.0,128.0,122.0,151.0,168.0,135.0,131.0,152.0
Tamil Nadu,The Nilgiris,2019,143.0,162.0,162.0,167.0,167.0,157.0,89.0,117.0,143.0,130.0,145.0,146.0
Tamil Nadu,The Nilgiris,2020,169.0,170.0,182.0,160.0,158.0,133.0,126.0,148.0,146.0,144.0,118.0,146.0
Tamil Nadu,The Nilgiris,2021,146.0,155.0,195.0,129.0,126.0,121.0,98.0,90.0,131.0,112.0,85.0,161.0
Tamil Nadu,The Nilgiris,2022,166.0,164.0,173.0,154.0,100.0,114.0,98.0,115.0,146.0,106.0,123.0,135.0
Tamil Nadu,The Nilgiris,2023,161.0,163.0,161.0,150.0,124.0,127.0,110.0,143.0,125.0,145.0,121.0,134.0
Tamil Nadu,The Nilgiris,2024,149.0,185.0,189.0,173.0,108.0,113.0,83.0,131.0,159.0,109.0,123.0,108.0
Tamil Nadu,Theni,2015,134.0,157.0,174.0,145.0,142.0,138.0,158.0,153.0,144.0,135.0,92.0,103.0
Tamil Nadu,Theni,2016,170.0,177.0,208.0,180.0,158.0,132.0,137.0,162.0,176.0,162.0,128.0,146.0
Tamil Nadu,Theni,2017,154.0,173.0,188.0,188.0,171.0,147.0,150.0,138.0,159.0,150.0,121.0,150.0
Tamil Nadu,Theni,2018,171.0,168.0,183.0,180.0,149.0,139.0,134.0,153.0,170.0,136.0,124.0,144.0
Tamil Nadu,Theni,2019,140.0,165.0,172.0,174.0,174.0,159.0,101.0,115.0,145.0,127.0,142.0,132.0
Tamil Nadu,Theni,2020,164.0,170.0,198.0,166.0,156.0,143.0,127.0,152.0,142.0,147.0,113.0,131.0
Tamil Nadu,Theni,2021,143.0,167.0,199.0,159.0,124.0,136.0,105.0,98.0,131.0,98.0,76.0,156.0
Tamil Nadu,Theni,2022,168.0,158.0,194.0,158.0,124.0,130.0,108.0,116.0,158.0,110.0,118.0,128.0
Tamil Nadu,Theni,2023,162.0,157.0,187.0,163.0,139.0,136.0,113.0,167.0,106.0,142.0,114.0,121.0
Tamil Nadu,Theni,2024,150.0,185.0,192.0,178.0,117.0,117.0,103.0,133.0,150.0,105.0,100.0,106.0
Tamil Nadu,Thiruvallur,2015,137.0,152.0,191.0,174.0,157.0,155.0,168.0,156.0,146.0,141.0,88.0,123.0
Tamil Nadu,Thiruvallur,2016,148.0,163.0,192.0,193.0,170.0,145.0,149.0,169.0,157.0,162.0,142.0,126.0
Tamil Nadu,Thiruvallur,2017,142.0,159.0,192.0,192.0,186.0,150.0,146.0,149.0,154.0,144.0,120.0,140.0
Tamil Nadu,Thiruvallur,2018,149.0,150.0,184.0,190.0,177.0,151.0,138.0,161.0,169.0,144.0,124.0,129.0
Tamil Nadu,Thiruvallur,2019,126.0,151.0,163.0,172.0,183.0,173.0,113.0,149.0,141.0,132.0,140.0,124.0
Tamil Nadu,Thiruvallur,2020,144.0,156.0,190.0,170.0,178.0,151.0,134.0,136.0,137.0,147.0,113.0,126.0
Tamil Nadu,Thiruvallur,2021,140.0,146.0,193.0,174.0,148.0,142.0,117.0,121.0,126.0,132.0,76.0,138.0
Tamil Nadu,Thiruvallur,2022,146.0,159.0,174.0,188.0,146.0,153.0,121.0,135.0,141.0,120.0,99.0,115.0
Tamil Nadu,Thiruvallur,2023,146.0,152.0,181.0,174.0,142.0,133.0,104.0,161.0,147.0,161.0,99.0,122.0
Tamil Nadu,Thiruvallur,2024,138.0,168.0,183.0,189.0,144.0,126.0,104.0,138.0,138.0,138.0,112.0,88.0
Tamil Nadu,Thiruvarur,2015,142.0,160.0,206.0,169.0,158.0,169.0,173.0,180.0,165.0,147.0,95.0,114.0
Tamil Nadu,Thiruvarur,2016,167.0,178.0,209.0,196.0,157.0,156.0,155.0,186.0,165.0,169.0,131.0,152.0
Tamil Nadu,Thiruvarur,2017,154.0,169.0,187.0,206.0,166.0,177.0,160.0,170.0,166.0,148.0,113.0,154.0
Tamil Nadu,Thiruvarur,2018,162.0,167.0,188.0,182.0,161.0,175.0,155.0,182.0,173.0,130.0,126.0,149.0
Tamil Nadu,Thiruvarur,2019,136.0,162.0,176.0,171.0,186.0,178.0,114.0,157.0,154.0,134.0,146.0,139.0
Tamil Nadu,Thiruvarur,2020,161.0,172.0,203.0,175.0,166.0,163.0,144.0,180.0,145.0,163.0,114.0,131.0
Tamil Nadu,Thiruvarur,2021,145.0,162.0,209.0,166.0,128.0,153.0,134.0,119.0,151.0,120.0,79.0,159.0
Tamil Nadu,Thiruvarur,2022,157.0,148.0,188.0,169.0,161.0,161.0,120.0,141.0,155.0,108.0,115.0,128.0
Tamil Nadu,Thiruvarur,2023,154.0,156.0,192.0,169.0,148.0,163.0,118.0,176.0,155.0,151.0,97.0,136.0
Tamil Nadu,Thiruvarur,2024,141.0,184.0,199.0,184.0,120.0,139.0,127.0,162.0,176.0,125.0,95.0,102.0
Tamil Nadu,Thoothukudi,2015,153.0,157.0,198.0,168.0,158.0,172.0,178.0,184.0,165.0,146.0,115.0,113.0
Tamil Nadu,Thoothukudi,2016,170.0,177.0,210.0,194.0,167.0,154.0,173.0,193.0,193.0,180.0,122.0,149.0
Tamil Nadu,Thoothukudi,2017,155.0,169.0,198.0,203.0,172.0,171.0,172.0,170.0,184.0,161.0,131.0,152.0
Tamil Nadu,Thoothukudi,2018,164.0,171.0,191.0,191.0,156.0,167.0,160.0,184.0,186.0,143.0,132.0,149.0
Tamil Nadu,Thoothukudi,2019,140.0,161.0,177.0,179.0,183.0,172.0,126.0,151.0,156.0,131.0,150.0,131.0
Tamil Nadu,Thoothukudi,2020,164.0,171.0,201.0,182.0,159.0,172.0,155.0,181.0,162.0,170.0,123.0,133.0
Tamil Nadu,Thoothukudi,2021,144.0,167.0,199.0,172.0,132.0,161.0,134.0,114.0,161.0,119.0,88.0,158.0
Tamil Nadu,Thoothukudi,2022,164.0,158.0,202.0,173.0,141.0,159.0,135.0,146.0,175.0,120.0,120.0,127.0
Tamil Nadu,Thoothukudi,2023,148.0,156.0,190.0,170.0,156.0,169.0,146.0,184.0,134.0,145.0,112.0,127.0
Tamil Nadu,Thoothukudi,2024,145.0,182.0,189.0,175.0,131.0,141.0,132.0,170.0,172.0,123.0,107.0,100.0
Tamil Nadu,Tiruchirappalli,2015,145.0,163.0,201.0,176.0,159.0,167.0,168.0,169.0,166.0,146.0,94.0,109.0
Tamil Nadu,Tiruchirappalli,2016,167.0,177.0,206.0,193.0,166.0,155.0,150.0,184.0,159.0,169.0,134.0,151.0
Tamil Nadu,Tiruchirappalli,2017,152.0,170.0,186.0,198.0,177.0,175.0,158.0,165.0,168.0,149.0,112.0,149.0
Tamil Nadu,Tiruchirappalli,2018,161.0,168.0,185.0,178.0,162.0,167.0,140.0,175.0,177.0,132.0,119.0,145.0
Tamil Nadu,Tiruchirappalli,2019,136.0,165.0,176.0,174.0,182.0,177.0,115.0,140.0,151.0,131.0,141.0,129.0
Tamil Nadu,Tiruchirappalli,2020,159.0,173.0,202.0,173.0,167.0,161.0,137.0,167.0,150.0,158.0,107.0,124.0
Tamil Nadu,Tiruchirappalli,2021,135.0,165.0,206.0,171.0,134.0,155.0,123.0,116.0,150.0,119.0,77.0,152.0
Tamil Nadu,Tiruchirappalli,2022,158.0,154.0,189.0,169.0,150.0,160.0,118.0,141.0,153.0,111.0,108.0,125.0
Tamil Nadu,Tiruchirappalli,2023,154.0,154.0,197.0,164.0,149.0,162.0,108.0,168.0,136.0,158.0,108.0,129.0
Tamil Nadu,Tiruchirappalli,2024,135.0,185.0,194.0,178.0,126.0,133.0,112.0,148.0,162.0,121.0,92.0,99.0
Tamil Nadu,Tirunelveli,2015,152.0,155.0,181.0,158.0,157.0,159.0,179.0,178.0,145.0,133.0,114.0,101.0
Tamil Nadu,Tirunelveli,2016,166.0,174.0,206.0,187.0,161.0,143.0,171.0,187.0,192.0,174.0,122.0,147.0
Tamil Nadu,Tirunelveli,2017,148.0,161.0,183.0,200.0,163.0,164.0,171.0,166.0,179.0,155.0,121.0,151.0
Tamil Nadu,Tirunelveli,2018,166.0,168.0,187.0,181.0,145.0,157.0,158.0,173.0,178.0,135.0,126.0,140.0
Tamil Nadu,Tirunelveli,2019,138.0,159.0,175.0,172.0,180.0,167.0,123.0,138.0,160.0,123.0,141.0,127.0
Tamil Nadu,Tirunelveli,2020,162.0,168.0,200.0,172.0,147.0,166.0,152.0,172.0,158.0,166.0,117.0,132.0
Tamil Nadu,Tirunelveli,2021,139.0,165.0,192.0,159.0,116.0,159.0,128.0,118.0,155.0,105.0,84.0,151.0
Tamil Nadu,Tirunelveli,2022,161.0,147.0,206.0,153.0,138.0,153.0,130.0,134.0,169.0,122.0,113.0,119.0
Tamil Nadu,Tirunelveli,2023,145.0,153.0,188.0,158.0,155.0,164.0,139.0,178.0,122.0,127.0,102.0,122.0
Tamil Nadu,Tirunelveli,2024,136.0,178.0,189.0,168.0,118.0,134.0,119.0,154.0,161.0,119.0,97.0,102.0
Tamil Nadu,Tiruppur,2015,157.0,176.0,201.0,171.0,161.0,166.0,174.0,174.0,177.0,159.0,94.0,125.0
Tamil Nadu,Tiruppur,2016,159.0,171.0,203.0,192.0,171.0,147.0,155.0,180.0,185.0,167.0,138.0,143.0
Tamil Nadu,Tiruppur,2017,154.0,169.0,186.0,194.0,184.0,164.0,163.0,159.0,174.0,148.0,123.0,151.0
Tamil Nadu,Tiruppur,2018,161.0,162.0,182.0,183.0,177.0,152.0,138.0,170.0,186.0,142.0,122.0,141.0
Tamil Nadu,Tiruppur,2019,136.0,161.0,171.0,175.0,187.0,169.0,117.0,143.0,162.0,140.0,140.0,130.0
Tamil Nadu,Tiruppur,2020,157.0,169.0,194.0,171.0,176.0,152.0,144.0,167.0,154.0,163.0,112.0,131.0
Tamil Nadu,Tiruppur,2021,136.0,158.0,200.0,158.0,150.0,146.0,114.0,104.0,154.0,117.0,74.0,151.0
Tamil Nadu,Tiruppur,2022,156.0,163.0,180.0,162.0,135.0,144.0,114.0,135.0,160.0,117.0,112.0,127.0
Tamil Nadu,Tiruppur,2023,157.0,165.0,188.0,175.0,160.0,148.0,117.0,168.0,137.0,156.0,114.0,120.0
Tamil Nadu,Tiruppur,2024,146.0,186.0,196.0,185.0,136.0,142.0,107.0,146.0,173.0,125.0,108.0,101.0
Tamil Nadu,Tiruvannamalai,2015,134.0,162.0,197.0,164.0,154.0,155.0,154.0,168.0,152.0,142.0,84.0,115.0
Tamil Nadu,Tiruvannamalai,2016,155.0,171.0,201.0,191.0,169.0,143.0,139.0,172.0,150.0,162.0,142.0,126.0
Tamil Nadu,Tiruvannamalai,2017,146.0,166.0,188.0,189.0,180.0,149.0,144.0,152.0,154.0,146.0,118.0,140.0
Tamil Nadu,Tiruvannamalai,2018,157.0,159.0,191.0,184.0,169.0,151.0,126.0,163.0,160.0,138.0,120.0,132.0
Tamil Nadu,Tiruvannamalai,2019,132.0,161.0,171.0,175.0,179.0,168.0,106.0,137.0,141.0,133.0,141.0,120.0
Tamil Nadu,Tiruvannamalai,2020,152.0,165.0,198.0,170.0,175.0,150.0,131.0,147.0,128.0,148.0,114.0,122.0
Tamil Nadu,Tiruvannamalai,2021,133.0,155.0,200.0,162.0,146.0,139.0,119.0,114.0,129.0,115.0,74.0,142.0
Tamil Nadu,Tiruvannamalai,2022,152.0,159.0,176.0,173.0,139.0,153.0,105.0,133.0,136.0,108.0,105.0,116.0
Tamil Nadu,Tiruvannamalai,2023,149.0,154.0,189.0,170.0,150.0,136.0,94.0,164.0,134.0,161.0,111.0,126.0
Tamil Nadu,Tiruvannamalai,2024,134.0,178.0,190.0,182.0,137.0,135.0,100.0,144.0,146.0,127.0,108.0,93.0
Tamil Nadu,Vellore,2015,131.0,163.0,194.0,171.0,148.0,147.0,144.0,152.0,140.0,147.0,85.0,117.0
Tamil Nadu,Vellore,2016,147.0,170.0,197.0,190.0,162.0,135.0,127.0,171.0,146.0,162.0,141.0,127.0
Tamil Nadu,Vellore,2017,143.0,166.0,192.0,186.0,178.0,138.0,127.0,148.0,151.0,149.0,121.0,140.0
Tamil Nadu,Vellore,2018,155.0,159.0,189.0,188.0,170.0,141.0,111.0,161.0,165.0,146.0,123.0,133.0
Tamil Nadu,Vellore,2019,130.0,160.0,170.0,173.0,176.0,155.0,93.0,135.0,135.0,130.0,139.0,122.0
Tamil Nadu,Vellore,2020,148.0,163.0,195.0,166.0,171.0,138.0,120.0,136.0,128.0,147.0,111.0,122.0
Tamil Nadu,Vellore,2021,139.0,153.0,196.0,164.0,148.0,128.0,99.0,115.0,122.0,123.0,75.0,138.0
Tamil Nadu,Vellore,2022,152.0,166.0,177.0,180.0,133.0,150.0,103.0,128.0,132.0,118.0,105.0,114.0
Tamil Nadu,Vellore,2023,148.0,157.0,182.0,167.0,142.0,129.0,87.0,151.0,131.0,166.0,109.0,121.0
Tamil Nadu,Vellore,2024,138.0,177.0,190.0,182.0,133.0,111.0,84.0,136.0,134.0,129.0,112.0,93.0
Tamil Nadu,Viluppuram,2015,133.0,158.0,199.0,168.0,155.0,170.0,163.0,172.0,154.0,137.0,84.0,113.0
Tamil Nadu,Viluppuram,2016,156.0,172.0,202.0,194.0,170.0,150.0,150.0,177.0,154.0,162.0,140.0,133.0
Tamil Nadu,Viluppuram,2017,148.0,166.0,192.0,198.0,182.0,164.0,152.0,163.0,159.0,143.0,118.0,137.0
Tamil Nadu,Viluppuram,2018,158.0,157.0,189.0,185.0,174.0,159.0,144.0,170.0,167.0,136.0,123.0,130.0
Tamil Nadu,Viluppuram,2019,131.0,158.0,172.0,181.0,185.0,170.0,110.0,143.0,146.0,131.0,141.0,126.0
Tamil Nadu,Viluppuram,2020,153.0,163.0,197.0,173.0,173.0,158.0,139.0,161.0,139.0,155.0,113.0,120.0
Tamil Nadu,Viluppuram,2021,137.0,156.0,202.0,178.0,155.0,155.0,129.0,116.0,140.0,120.0,78.0,146.0
Tamil Nadu,Viluppuram,2022,150.0,153.0,181.0,173.0,155.0,156.0,115.0,136.0,140.0,111.0,112.0,120.0
Tamil Nadu,Viluppuram,2023,149.0,151.0,192.0,172.0,150.0,142.0,104.0,166.0,150.0,153.0,108.0,120.0
Tamil Nadu,Viluppuram,2024,139.0,177.0,193.0,185.0,129.0,144.0,112.0,150.0,155.0,128.0,100.0,97.0
Tamil Nadu,Virudhunagar,2015,158.0,162.0,194.0,160.0,149.0,157.0,162.0,163.0,146.0,138.0,105.0,102.0
Tamil Nadu,Virudhunagar,2016,162.0,171.0,201.0,177.0,159.0,141.0,146.0,166.0,171.0,163.0,121.0,143.0
Tamil Nadu,Virudhunagar,2017,149.0,166.0,179.0,191.0,164.0,161.0,153.0,154.0,156.0,150.0,121.0,148.0
Tamil Nadu,Virudhunagar,2018,164.0,163.0,181.0,164.0,148.0,155.0,146.0,167.0,166.0,133.0,122.0,136.0
Tamil Nadu,Virudhunagar,2019,137.0,159.0,174.0,165.0,172.0,163.0,107.0,138.0,147.0,122.0,140.0,123.0
Tamil Nadu,Virudhunagar,2020,156.0,166.0,195.0,165.0,153.0,157.0,136.0,169.0,146.0,156.0,106.0,121.0
Tamil Nadu,Virudhunagar,2021,136.0,157.0,195.0,156.0,121.0,142.0,113.0,100.0,142.0,101.0,74.0,150.0
Tamil Nadu,Virudhunagar,2022,157.0,150.0,195.0,154.0,135.0,141.0,111.0,128.0,161.0,111.0,109.0,121.0
Tamil Nadu,Virudhunagar,2023,149.0,153.0,181.0,153.0,142.0,146.0,123.0,177.0,118.0,137.0,103.0,127.0
Tamil Nadu,Virudhunagar,2024,141.0,178.0,188.0,162.0,120.0,131.0,112.0,147.0,148.0,106.0,88.0,97.0
